{"SRMUSDT":0,"HNTUSDT":0.000009,"CVCUSDT":0,"EOSUSDT":0.03736,"BATUSDT":0.007511,"OMGUSDT":0.035419,"XTZUSDT":0.028477,"KNCUSDT":0.024712,"MKRUSDT":69.171859,"QTUMUSDT":0.170883,"IOTAUSDT":0.006731,"TRBUSDT":0.526421,"EGLDUSDT":1.198319,"BALUSDT":0.166819,"SOLUSDT":1.065413,"YFIUSDT":296.526668,"RUNEUSDT":0.038053,"CRVUSDT":0.035735,"SUSHIUSDT":0.030168,"SNXUSDT":0.113165,"FLMUSDT":0.004734,"ICXUSDT":0.009719,"STORJUSDT":0.030723,"AAVEUSDT":4.518296,"AVAXUSDT":0.518434,"LRCUSDT":0.009765,"NEARUSDT":0.066005,"BTSUSDT":0,"BTCSTUSDT":0,"RAYUSDT":0,"ETHUSDT":43.314166,"DASHUSDT":1.568084,"LTCUSDT":5.139386,"ONTUSDT":0.009992,"BCHUSDT":20.268678,"BNBUSDT":6.70748,"XMRUSDT":4.690139,"XRPUSDT":0.014363,"BTCUSDT":622.775071,"LINKUSDT":0.232121,"ETCUSDT":0.955274,"ZECUSDT":1.632306,"VETUSDT":0.000802,"NEOUSDT":0.452631,"ALGOUSDT":0.005094,"ATOMUSDT":0.312053,"XLMUSDT":0.003721,"ADAUSDT":0.01099,"TRXUSDT":0.001538,"ZILUSDT":0.00097,"COMPUSDT":4.898599,"THETAUSDT":0.032378,"ZRXUSDT":0.009868,"WAVESUSDT":0.148644,"BANDUSDT":0.056065,"DOGEUSDT":0.002334,"IOSTUSDT":0.000306,"KAVAUSDT":0.044404,"SXPUSDT":0.022342,"DOTUSDT":0.18054,"RLCUSDT":0.056296,"DEFIUSDT":18.201493,"FTMUSDT":0.015287,"BLZUSDT":0.002923,"ENJUSDT":0.013526,"TOMOUSDT":0.093614,"MATICUSDT":0.028357,"RENUSDT":0.003145,"FILUSDT":0.230806,"ZENUSDT":0.554769,"KSMUSDT":1.055971,"CTKUSDT":0.020773,"SKLUSDT":0.001283,"MANAUSDT":0.017057,"OGNUSDT":0.003495,"1INCHUSDT":0.013569,"LITUSDT":0.033818,"DGBUSDT":0.000468,"BTCDOMUSDT":22.321556,"BAKEUSDT":0.005675,"ALICEUSDT":0.053448,"CELOUSDT":0.032162,"MASKUSDT":0.1701,"IOTXUSDT":0.000767,"LPTUSDT":0.208079,"ENSUSDT":0.376438,"SFPUSDT":0.019605,"ONEUSDT":0.00064,"MTLUSDT":0.079301,"STMXUSDT":0.000163,"UNFIUSDT":0.162231,"SCUSDT":0,"GTCUSDT":0.053815,"C98USDT":0.008237,"ANTUSDT":0.198863,"AUDIOUSDT":0.009046,"CHRUSDT":0.005317,"XEMUSDT":0.001199,"1000XECUSDT":0.003002,"CTSIUSDT":0.007361,"ARUSDT":0.283876,"AXSUSDT":0.271339,"UNIUSDT":0.240781,"FLOWUSDT":0.039386,"GALUSDT":0.055633,"FTTUSDT":0,"ANKRUSDT":0.001189,"BELUSDT":0.04283,"RSRUSDT":0.000119,"OCEANUSDT":0.020149,"GRTUSDT":0.006614,"LINAUSDT":0.000907,"HBARUSDT":0.001899,"KLAYUSDT":0.006054,"REEFUSDT":0.000079,"CHZUSDT":0.002925,"COTIUSDT":0.002265,"CELRUSDT":0.000795,"DENTUSDT":0.000034,"DYDXUSDT":0.099597,"HOTUSDT":0.000052,"RVNUSDT":0.000993,"PEOPLEUSDT":0.000682,"GALAUSDT":0.001182,"1000SHIBUSDT":0.000282,"NKNUSDT":0.005267,"ARPAUSDT":0.002959,"DARUSDT":0.00463,"ROSEUSDT":0.002101,"ATAUSDT":0.004209,"CVXUSDT":0.147731,"IMXUSDT":0.031385,"LUNA2USDT":0.031823,"APEUSDT":0.11636,"API3USDT":0.046445,"1000LUNCUSDT":0.003953,"BLUEBIRDUSDT":0.185646,"QNTUSDT":3.153224,"FOOTBALLUSDT":11.845607,"ICPUSDT":0.184249,"AGIXUSDT":0.013379,"CFXUSDT":0.012192,"FXSUSDT":0.303822,"CKBUSDT":0.000121,"ASTRUSDT":0.001767,"PHBUSDT":0.038583,"JOEUSDT":0.018024,"SANDUSDT":0.018733,"GMTUSDT":0.010009,"MINAUSDT":0.022488,"STGUSDT":0.025214,"ALPHAUSDT":0.005328,"LDOUSDT":0.098632,"APTUSDT":0.397248,"DUSKUSDT":0.006105,"WOOUSDT":0.013712,"TUSDT":0.001149,"MAGICUSDT":0.045675,"SPELLUSDT":0.00002,"FETUSDT":0.012763,"INJUSDT":0.433583,"HOOKUSDT":0.07521,"JASMYUSDT":0.000191,"SSVUSDT":0.993239,"BNXUSDT":0.013229,"HIGHUSDT":0.07168,"GMXUSDT":2.02882,"LQTYUSDT":0.047966,"TLMUSDT":0.000496,"XVSUSDT":0.215023,"BLURUSDT":0.0213,"NMRUSDT":0.654224,"COMBOUSDT":0.0498,"MAVUSDT":0.044847,"KEYUSDT":0.000322,"ETHUSDT_230929":43.83388,"BTCUSDT_230929":631.85449,"OPUSDT":0.065954,"STXUSDT":0.037741,"COCOSUSDT":0.000621,"USDCUSDT":0.0003,"ACHUSDT":0.001059,"PERPUSDT":0.021704,"LEVERUSDT":0.000062,"AMBUSDT":0.000473,"RDNTUSDT":0.014632,"EDUUSDT":0.053081,"RADUSDT":0.069541,"SUIUSDT":0.039812,"UMAUSDT":0.061411,"1000PEPEUSDT":0.000129,"HFTUSDT":0.016817,"IDEXUSDT":0.002757,"RNDRUSDT":0.102766,"ARBUSDT":0.048401,"IDUSDT":0.01715,"TRUUSDT":0.002128,"1000FLOKIUSDT":0.001556}