{"BTCUSDT":737.556881,"BCHUSDT":11.963643,"LINKUSDT":0.231903,"ETHUSDT":47.003765,"EOSUSDT":0.035794,"ZECUSDT":1.255053,"DASHUSDT":1.593108,"BNBUSDT":9.074117,"LTCUSDT":3.462052,"IOSTUSDT":0.000312,"XRPUSDT":0.019787,"XMRUSDT":4.330863,"ETCUSDT":0.796174,"TRXUSDT":0.001882,"ATOMUSDT":0.320575,"ZILUSDT":0.000962,"NEOUSDT":0.439553,"BATUSDT":0.006838,"XLMUSDT":0.002606,"THETAUSDT":0.03485,"RLCUSDT":0.060927,"XTZUSDT":0.029941,"QTUMUSDT":0.089904,"IOTAUSDT":0.006646,"VETUSDT":0.000791,"SNXUSDT":0.110711,"KNCUSDT":0.032544,"ALGOUSDT":0.005566,"ONTUSDT":0.008822,"COMPUSDT":1.841935,"SXPUSDT":0.019725,"DOGEUSDT":0.002359,"MKRUSDT":30.689733,"OMGUSDT":0.045194,"YFIUSDT":260.052193,"KAVAUSDT":0.064595,"WAVESUSDT":0.147292,"BANDUSDT":0.066405,"DOTUSDT":0.170897,"EGLDUSDT":1.263811,"ICXUSDT":0.010818,"SUSHIUSDT":0.030244,"DEFIUSDT":17.725595,"BALUSDT":0.177375,"BLZUSDT":0.002855,"CRVUSDT":0.031822,"TRBUSDT":0.489147,"RUNEUSDT":0.037681,"SRMUSDT":0,"SOLUSDT":0.842789,"STORJUSDT":0.012841,"UNIUSDT":0.209042,"FTMUSDT":0.016159,"FLMUSDT":0.009903,"LRCUSDT":0.010929,"RENUSDT":0.00388,"NEARUSDT":0.058631,"AVAXUSDT":0.508607,"ENJUSDT":0.012552,"TOMOUSDT":0.126107,"FILUSDT":0.188291,"HNTUSDT":0.000009,"AAVEUSDT":3.067672,"OCEANUSDT":0.02061,"CVCUSDT":0,"KSMUSDT":1.0096,"RSRUSDT":0.000121,"MATICUSDT":0.034531,"BELUSDT":0.040073,"BTSUSDT":0,"CTKUSDT":0.021197,"SKLUSDT":0.001325,"CHZUSDT":0.003464,"AXSUSDT":0.297539,"ALPHAUSDT":0.007965,"SANDUSDT":0.021211,"LINAUSDT":0.001448,"ZENUSDT":0.28837,"MTLUSDT":0.095279,"GTCUSDT":0.053787,"OGNUSDT":0.003407,"BAKEUSDT":0.004933,"GRTUSDT":0.005113,"AUDIOUSDT":0.009688,"1INCHUSDT":0.014137,"DGBUSDT":0.000283,"REEFUSDT":0.000082,"ONEUSDT":0.000643,"ALICEUSDT":0.044571,"HBARUSDT":0.002228,"ANKRUSDT":0.001388,"ZRXUSDT":0.008225,"DENTUSDT":0.000032,"COTIUSDT":0.002346,"HOTUSDT":0.000054,"XEMUSDT":0.001045,"CHRUSDT":0.005477,"NKNUSDT":0.00596,"IOTXUSDT":0.000764,"LITUSDT":0.03452,"1000SHIBUSDT":0.000342,"MANAUSDT":0.019296,"CELRUSDT":0.000933,"STMXUSDT":0.000159,"SFPUSDT":0.027915,"C98USDT":0.007979,"RVNUSDT":0.000836,"BTCSTUSDT":0,"UNFIUSDT":0.199078,"MASKUSDT":0.214717,"BTCDOMUSDT":25.988968,"DYDXUSDT":0.102238,"SCUSDT":0,"ARUSDT":0.253548,"ENSUSDT":0.369375,"GALAUSDT":0.001367,"RAYUSDT":0,"1000XECUSDT":0.001028,"CELOUSDT":0.024022,"KLAYUSDT":0.005311,"ADAUSDT":0.013247,"PEOPLEUSDT":0.000893,"ATAUSDT":0.004338,"ARPAUSDT":0.004061,"CTSIUSDT":0.008589,"ANTUSDT":0.241221,"LPTUSDT":0.199586,"APEUSDT":0.133426,"INJUSDT":0.431234,"FOOTBALLUSDT":13.347835,"FTTUSDT":0,"FLOWUSDT":0.029859,"GMTUSDT":0.011151,"JASMYUSDT":0.000232,"OPUSDT":0.084171,"STXUSDT":0.053148,"PHBUSDT":0.04227,"SPELLUSDT":0.00002,"STGUSDT":0.024228,"GALUSDT":0.065703,"AGIXUSDT":0.015532,"LUNA2USDT":0.039755,"API3USDT":0.047339,"IMXUSDT":0.036042,"BNXUSDT":0.018475,"LDOUSDT":0.104444,"ICPUSDT":0.180509,"GMXUSDT":2.054824,"PERPUSDT":0.021553,"COCOSUSDT":0.002907,"CVXUSDT":0.139633,"FXSUSDT":0.287476,"SSVUSDT":1.125242,"CFXUSDT":0.01659,"ACHUSDT":0.00132,"LQTYUSDT":0.059053,"ETHUSDT_230630":45.931389,"TRUUSDT":0.002891,"CKBUSDT":0.000121,"IDUSDT":0.021671,"RDNTUSDT":0.016041,"USDCUSDT":0.00047,"IDEXUSDT":0.003543,"SUIUSDT":0.061237,"UMAUSDT":0.078155,"1000PEPEUSDT":0.000147,"1000FLOKIUSDT":0.001836,"RADUSDT":0.093731,"COMBOUSDT":0.08207,"NMRUSDT":0,"KEYUSDT":0.000485,"ETHUSDT_230929":0,"BTCUSDT_230929":0,"DUSKUSDT":0.007779,"BTCUSDT_230630":740.461433,"ARBUSDT":0.05243,"HFTUSDT":0.01845,"AMBUSDT":0.000628,"JOEUSDT":0.024852,"TLMUSDT":0.000521,"LEVERUSDT":0.000068,"XVSUSDT":0.174321,"BLURUSDT":0.024997,"EDUUSDT":0.056516,"WOOUSDT":0.01186,"BLUEBIRDUSDT":0.228203,"TUSDT":0.001539,"DARUSDT":0.004558,"1000LUNCUSDT":0.005317,"ROSEUSDT":0.002298,"MINAUSDT":0.023858,"QNTUSDT":4.203404,"FETUSDT":0.014781,"RNDRUSDT":0.137901,"ASTRUSDT":0.001966,"APTUSDT":0.435621,"HOOKUSDT":0.06512,"HIGHUSDT":0.101957,"MAGICUSDT":0.05193}