{"XMRUSDT":3.865634,"XLMUSDT":0.002616,"ONTUSDT":0.007909,"HNTUSDT":0.000009,"KAVAUSDT":0.053477,"COTIUSDT":0.002283,"THETAUSDT":0.028546,"COMPUSDT":1.20522,"UNIUSDT":0.175948,"IOTAUSDT":0.00664,"BTCDOMUSDT":24.736132,"BATUSDT":0.006731,"BANDUSDT":0.062568,"ETHUSDT":46.321441,"BTCUSDT":755.949741,"LINKUSDT":0.226925,"BLZUSDT":0.002812,"STORJUSDT":0.012317,"QTUMUSDT":0.09092,"BCHUSDT":9.513193,"RLCUSDT":0.06015,"XRPUSDT":0.020324,"NEOUSDT":0.444047,"BNBUSDT":8.70535,"DOGEUSDT":0.002345,"IOSTUSDT":0.000301,"ICXUSDT":0.009033,"TOMOUSDT":0.127666,"ZILUSDT":0.000894,"OMGUSDT":0.034045,"MTLUSDT":0.093408,"NKNUSDT":0.006036,"OGNUSDT":0.003445,"ANTUSDT":0.24976,"OCEANUSDT":0.020535,"LRCUSDT":0.009883,"BELUSDT":0.038239,"LPTUSDT":0.19746,"TRXUSDT":0.001913,"ALICEUSDT":0.043661,"PEOPLEUSDT":0.000749,"AUDIOUSDT":0.009022,"FLMUSDT":0.010305,"BALUSDT":0.170371,"LTCUSDT":3.426871,"DOTUSDT":0.166213,"GTCUSDT":0.052813,"MANAUSDT":0.017803,"CRVUSDT":0.029177,"ZENUSDT":0.280873,"KSMUSDT":0.955027,"EGLDUSDT":1.115622,"IOTXUSDT":0.000767,"CVCUSDT":0,"HOTUSDT":0.000054,"ARPAUSDT":0.003648,"DENTUSDT":0.000032,"1INCHUSDT":0.013248,"CTKUSDT":0.020695,"YFIUSDT":239.696262,"LITUSDT":0.033531,"SUSHIUSDT":0.027903,"AAVEUSDT":2.002552,"CELOUSDT":0.020918,"GMTUSDT":0.01104,"DUSKUSDT":0.007358,"ETHUSDT_230929":0,"FLOWUSDT":0.029718,"ROSEUSDT":0.002305,"ALPHAUSDT":0.007817,"AXSUSDT":0.290275,"REEFUSDT":0.00008,"STXUSDT":0.054443,"LDOUSDT":0.098626,"1000FLOKIUSDT":0.00188,"MATICUSDT":0.034361,"BTCUSDT_230929":0,"API3USDT":0.046699,"WOOUSDT":0.011815,"GALAUSDT":0.00129,"ATAUSDT":0.004216,"IDUSDT":0.021701,"RAYUSDT":0,"AMBUSDT":0.00062,"BNXUSDT":0.016934,"RNDRUSDT":0.138756,"ANKRUSDT":0.001033,"SFPUSDT":0.028566,"MINAUSDT":0.023586,"AGIXUSDT":0.015425,"1000PEPEUSDT":0.00014,"SUIUSDT":0.062335,"VETUSDT":0.000795,"ATOMUSDT":0.313271,"NEARUSDT":0.058345,"MKRUSDT":26.800013,"COCOSUSDT":0.003259,"BLUEBIRDUSDT":0.220085,"1000LUNCUSDT":0.005377,"USDCUSDT":0.00049,"C98USDT":0.007533,"JASMYUSDT":0.000224,"FOOTBALLUSDT":13.343741,"ARUSDT":0.247203,"SANDUSDT":0.020928,"ACHUSDT":0.00128,"CHZUSDT":0.003292,"EDUUSDT":0.056669,"CKBUSDT":0.000124,"TLMUSDT":0.000521,"1000SHIBUSDT":0.000342,"XEMUSDT":0.001039,"HFTUSDT":0.017476,"RVNUSDT":0.000821,"CFXUSDT":0.016509,"ASTRUSDT":0.001955,"LQTYUSDT":0.056304,"DGBUSDT":0.000285,"TUSDT":0.001425,"JOEUSDT":0.023021,"ETHUSDT_230630":45.119861,"COMBOUSDT":0.080278,"LEVERUSDT":0.000069,"GRTUSDT":0.005022,"CTSIUSDT":0.008419,"ONEUSDT":0.000625,"EOSUSDT":0.035188,"RADUSDT":0.093515,"1000XECUSDT":0.000984,"AVAXUSDT":0.494543,"FETUSDT":0.014472,"IDEXUSDT":0.003498,"IMXUSDT":0.035654,"OPUSDT":0.08357,"KNCUSDT":0.024819,"ZRXUSDT":0.007325,"ADAUSDT":0.013057,"HOOKUSDT":0.063104,"CVXUSDT":0.135488,"ICPUSDT":0.179714,"LUNA2USDT":0.0389,"SNXUSDT":0.086551,"NMRUSDT":0,"ETCUSDT":0.739701,"INJUSDT":0.439318,"ENJUSDT":0.011331,"FTMUSDT":0.015445,"FILUSDT":0.182576,"RENUSDT":0.003785,"APTUSDT":0.417363,"CELRUSDT":0.000888,"SKLUSDT":0.001295,"ENSUSDT":0.359201,"BTCSTUSDT":0,"LINAUSDT":0.0015,"SCUSDT":0,"SXPUSDT":0.020029,"BAKEUSDT":0.004897,"ALGOUSDT":0.005387,"HBARUSDT":0.001893,"RUNEUSDT":0.03558,"DASHUSDT":1.554179,"HIGHUSDT":0.103994,"ZECUSDT":1.195461,"APEUSDT":0.127042,"STMXUSDT":0.00016,"STGUSDT":0.021461,"SSVUSDT":1.049372,"MAGICUSDT":0.049968,"DARUSDT":0.004541,"MASKUSDT":0.21205,"SOLUSDT":0.8309,"KEYUSDT":0.000492,"XVSUSDT":0.169931,"DEFIUSDT":16.371317,"KLAYUSDT":0.005247,"FTTUSDT":0,"BTCUSDT_230630":758.748112,"PERPUSDT":0.020526,"GMXUSDT":1.982545,"UNFIUSDT":0.191693,"FXSUSDT":0.28224,"BTSUSDT":0,"UMAUSDT":0.070921,"WAVESUSDT":0.093483,"PHBUSDT":0.040574,"GALUSDT":0.066492,"RDNTUSDT":0.014355,"ARBUSDT":0.050852,"RSRUSDT":0.000114,"TRBUSDT":0.449497,"SPELLUSDT":0.00002,"TRUUSDT":0.002897,"XTZUSDT":0.029751,"SRMUSDT":0,"DYDXUSDT":0.093533,"BLURUSDT":0.024656,"CHRUSDT":0.005421,"QNTUSDT":4.234586}