{"BTCUSDT":644.398304,"ETHUSDT":45.198301,"BCHUSDT":3.433502,"XRPUSDT":0.024244,"EOSUSDT":0.03635,"LTCUSDT":3.294643,"TRXUSDT":0.002193,"ETCUSDT":0.567138,"LINKUSDT":0.220123,"XLMUSDT":0.002611,"ADAUSDT":0.01579,"XMRUSDT":3.896804,"DASHUSDT":1.63825,"ZECUSDT":1.116977,"XTZUSDT":0.034663,"BNBUSDT":10.129644,"ATOMUSDT":0.347556,"ONTUSDT":0.008672,"IOTAUSDT":0.007618,"BATUSDT":0.006909,"VETUSDT":0.000686,"NEOUSDT":0.422574,"QTUMUSDT":0.089181,"IOSTUSDT":0.000301,"THETAUSDT":0.029625,"ALGOUSDT":0.005919,"ZILUSDT":0.000902,"KNCUSDT":0.021952,"ZRXUSDT":0.0078,"COMPUSDT":1.355315,"OMGUSDT":0.033686,"DOGEUSDT":0.002454,"SXPUSDT":0.021483,"KAVAUSDT":0.051295,"BANDUSDT":0.0632,"RLCUSDT":0.071449,"WAVESUSDT":0.071545,"MKRUSDT":25.371148,"SNXUSDT":0.096623,"DOTUSDT":0.16924,"DEFIUSDT":17.193328,"YFIUSDT":230.055554,"BALUSDT":0.192669,"CRVUSDT":0.033067,"TRBUSDT":0.504739,"RUNEUSDT":0.038997,"SUSHIUSDT":0.033062,"SRMUSDT":0,"EGLDUSDT":1.240232,"SOLUSDT":0.979302,"ICXUSDT":0.009746,"STORJUSDT":0.014357,"BLZUSDT":0.00321,"UNIUSDT":0.199063,"AVAXUSDT":0.527958,"FTMUSDT":0.015696,"HNTUSDT":0.000009,"ENJUSDT":0.012872,"FLMUSDT":0.003288,"TOMOUSDT":0.145568,"RENUSDT":0.004822,"KSMUSDT":1.085667,"NEARUSDT":0.059281,"AAVEUSDT":2.32342,"FILUSDT":0.219292,"RSRUSDT":0.000122,"LRCUSDT":0.009868,"MATICUSDT":0.040593,"OCEANUSDT":0.023232,"CVCUSDT":0,"BELUSDT":0.041614,"CTKUSDT":0.022772,"AXSUSDT":0.282444,"ALPHAUSDT":0.010189,"ZENUSDT":0.296149,"SKLUSDT":0.001422,"GRTUSDT":0.00558,"1INCHUSDT":0.014297,"CHZUSDT":0.003645,"SANDUSDT":0.02506,"ANKRUSDT":0.001032,"BTSUSDT":0,"LITUSDT":0.040351,"UNFIUSDT":0.20147,"REEFUSDT":0.000086,"RVNUSDT":0.000896,"SFPUSDT":0.016088,"XEMUSDT":0.001148,"BTCSTUSDT":0,"COTIUSDT":0.002689,"CHRUSDT":0.006474,"MANAUSDT":0.019664,"ALICEUSDT":0.049938,"HBARUSDT":0.001907,"ONEUSDT":0.000644,"LINAUSDT":0.002026,"STMXUSDT":0.000186,"DENTUSDT":0.000033,"CELRUSDT":0.000941,"HOTUSDT":0.000056,"MTLUSDT":0.114836,"OGNUSDT":0.003835,"NKNUSDT":0.006945,"SCUSDT":0,"DGBUSDT":0.000301,"1000SHIBUSDT":0.000336,"BAKEUSDT":0.00546,"GTCUSDT":0.055488,"BTCDOMUSDT":22.545791,"IOTXUSDT":0.000843,"AUDIOUSDT":0.009264,"RAYUSDT":0,"C98USDT":0.008131,"MASKUSDT":0.222531,"ATAUSDT":0.004542,"DYDXUSDT":0.106172,"1000XECUSDT":0.000806,"GALAUSDT":0.0013,"CELOUSDT":0.022211,"ARUSDT":0.283702,"KLAYUSDT":0.005953,"ARPAUSDT":0.004653,"CTSIUSDT":0.010026,"LPTUSDT":0.236255,"ENSUSDT":0.384111,"PEOPLEUSDT":0.000805,"ANTUSDT":0.162987,"ROSEUSDT":0.0024,"DUSKUSDT":0.006155,"FLOWUSDT":0.026961,"IMXUSDT":0.03792,"API3USDT":0.051653,"GMTUSDT":0.010892,"APEUSDT":0.141036,"WOOUSDT":0.011503,"FTTUSDT":0,"JASMYUSDT":0.000218,"DARUSDT":0.005351,"GALUSDT":0.069095,"OPUSDT":0.081324,"INJUSDT":0.454728,"STGUSDT":0.024712,"FOOTBALLUSDT":17.083421,"SPELLUSDT":0.000022,"1000LUNCUSDT":0.006893,"LUNA2USDT":0.040322,"LDOUSDT":0.11659,"CVXUSDT":0.152192,"ICPUSDT":0.208192,"APTUSDT":0.401908,"QNTUSDT":4.725914,"BLUEBIRDUSDT":0.24963,"FETUSDT":0.013819,"FXSUSDT":0.263644,"HOOKUSDT":0.068565,"MAGICUSDT":0.050287,"TUSDT":0.000995,"RNDRUSDT":0.153902,"HIGHUSDT":0.130152,"MINAUSDT":0.02324,"ASTRUSDT":0.00197,"AGIXUSDT":0.016905,"PHBUSDT":0.049587,"GMXUSDT":2.205574,"CFXUSDT":0.014773,"STXUSDT":0.040862,"COCOSUSDT":0.007684,"BNXUSDT":0.023239,"ACHUSDT":0.00153,"SSVUSDT":1.260212,"CKBUSDT":0.000145,"PERPUSDT":0.020914,"TRUUSDT":0.002915,"LQTYUSDT":0.057983,"USDCUSDT":0.000692,"IDUSDT":0.02363,"ARBUSDT":0.054015,"ETHUSDT_230630":44.60739,"BTCUSDT_230630":646.365526,"JOEUSDT":0.024815,"TLMUSDT":0.000602,"AMBUSDT":0.000916,"LEVERUSDT":0.000088,"RDNTUSDT":0.017026,"HFTUSDT":0.02207,"XVSUSDT":0.201671,"BLURUSDT":0.029818,"EDUUSDT":0.064724,"IDEXUSDT":0.004221,"SUIUSDT":0.06227,"1000PEPEUSDT":0.000118,"1000FLOKIUSDT":0.001609,"UMAUSDT":0.086142,"RADUSDT":0.120617,"KEYUSDT":0.000624,"COMBOUSDT":0.113548}