{"SRMUSDT":0,"HNTUSDT":0.2819106299371198,"CVCUSDT":0,"EOSUSDT":0.4207266213132366,"BATUSDT":0.38846869010042245,"OMGUSDT":0.5787341990785597,"XTZUSDT":0.35158469381676816,"KNCUSDT":0.4188306093683814,"MKRUSDT":0.4875498951971851,"QTUMUSDT":0.49614175016186585,"IOTAUSDT":0.3409707752986882,"TRBUSDT":0.44540864541806774,"EGLDUSDT":0.34437180207113605,"BALUSDT":0.32233237744671894,"SOLUSDT":0.4223340959158804,"YFIUSDT":0.39867243623198306,"RUNEUSDT":0.3582933683129952,"CRVUSDT":0.4421486479026352,"SUSHIUSDT":0.4167256770560669,"SNXUSDT":0.5596605951555753,"FLMUSDT":0.5291156064577084,"ICXUSDT":0.5917527219496894,"STORJUSDT":0.5494441981399499,"AAVEUSDT":0.42844414183205703,"AVAXUSDT":0.3697945852785766,"LRCUSDT":0.4350528219433234,"NEARUSDT":0.39801249968306435,"BTSUSDT":0,"BTCSTUSDT":0,"RAYUSDT":0,"ETHUSDT":0.2475223065573361,"DASHUSDT":0.4476221381009517,"LTCUSDT":0.39696963984783507,"ONTUSDT":0.509932535736866,"BCHUSDT":0.4476397173637274,"BNBUSDT":0.24535844600847576,"XMRUSDT":0.23424639024200714,"XRPUSDT":0.34075160487376294,"BTCUSDT":0.24560600881184128,"LINKUSDT":0.34563826021613164,"ETCUSDT":0.361307475911295,"ZECUSDT":0.4039253716493572,"VETUSDT":0.39153292296339093,"NEOUSDT":0.5113471058749482,"ALGOUSDT":0.36898121397777395,"ATOMUSDT":0.31848979586961473,"XLMUSDT":0.29291794560219947,"ADAUSDT":0.3563182609100914,"TRXUSDT":0.2644919391398726,"ZILUSDT":0.41714331683185235,"COMPUSDT":0.5515476748069983,"THETAUSDT":0.37211675997422433,"ZRXUSDT":0.5077144719242188,"WAVESUSDT":0.5182032731333133,"BANDUSDT":0.4544987533238953,"DOGEUSDT":0.3703392042258045,"IOSTUSDT":0.43615050281427814,"KAVAUSDT":0.45286506928043857,"SXPUSDT":0.689047876758647,"DOTUSDT":0.31016402217878464,"RLCUSDT":0.5025880137694562,"DEFIUSDT":0.35931131843939973,"FTMUSDT":0.5355369387083653,"BLZUSDT":0.5654038395557245,"ENJUSDT":0.41396863002290263,"TOMOUSDT":0.7138174493249364,"MATICUSDT":0.39634533208449935,"RENUSDT":0.6204491108317813,"FILUSDT":0.5512658181467864,"ZENUSDT":0.4630467731325477,"KSMUSDT":0.4013389620887148,"CTKUSDT":0.30512586452621987,"SKLUSDT":0.5571282632032787,"MANAUSDT":0.40807244723008895,"OGNUSDT":0.4357592801374836,"1INCHUSDT":0.38431367193546084,"LITUSDT":0.5601397697463202,"DGBUSDT":0.37921239761992287,"BTCDOMUSDT":0.12529024186334217,"BAKEUSDT":0.46191961172085294,"ALICEUSDT":0.4622604695851903,"CELOUSDT":0.5128446896907142,"MASKUSDT":0.6007171316913666,"IOTXUSDT":0.37694612923889165,"LPTUSDT":0.48279661293087445,"ENSUSDT":0.39693537441700605,"SFPUSDT":0.40255480226305745,"ONEUSDT":0.4798116048443782,"MTLUSDT":0.5757013393663609,"STMXUSDT":0.4120438099149191,"UNFIUSDT":0.47530263937360856,"SCUSDT":0,"GTCUSDT":0.48433552699058313,"C98USDT":0.5278985682467828,"ANTUSDT":0.422606658903695,"AUDIOUSDT":0.5149639922667808,"CHRUSDT":0.425785949861672,"XEMUSDT":0.4751543438194699,"1000XECUSDT":0.5236795362484395,"CTSIUSDT":0.628536738473056,"ARUSDT":0.457296294316528,"AXSUSDT":0.3995931093602534,"UNIUSDT":0.3333976391156064,"FLOWUSDT":0.4592809090112913,"GALUSDT":0.4843677398691754,"FTTUSDT":0,"ANKRUSDT":0.534898788685636,"BELUSDT":0.6798589724936872,"RSRUSDT":0.49028614183749963,"OCEANUSDT":0.53413856284644,"GRTUSDT":0.48241359816387586,"LINAUSDT":0.8992649043367598,"HBARUSDT":0.38590155213992056,"KLAYUSDT":0.4781836392278077,"REEFUSDT":0.40447987972781435,"CHZUSDT":0.36837444127184116,"COTIUSDT":0.43242466622552594,"CELRUSDT":0.5509019318933259,"DENTUSDT":0.4325512805355932,"DYDXUSDT":0.5534204385834516,"HOTUSDT":0.34421581917740535,"RVNUSDT":0.3899206807449405,"PEOPLEUSDT":0.43731742036423027,"GALAUSDT":0.4929456537432985,"1000SHIBUSDT":0.3126088344712722,"NKNUSDT":0.5592480806394451,"ARPAUSDT":0.6436904423313518,"DARUSDT":0.44045281380841655,"ROSEUSDT":0.4682406917390993,"ATAUSDT":0.4626512818195707,"CVXUSDT":0.3444414353991089,"IMXUSDT":0.590033252965513,"LUNA2USDT":0.43061187248012367,"APEUSDT":0.4193992892500661,"API3USDT":0.4515384042865805,"1000LUNCUSDT":0.40513639045616506,"BLUEBIRDUSDT":0.268065878220316,"QNTUSDT":0.2770556428667813,"FOOTBALLUSDT":0.27580705806688155,"ICPUSDT":0.4183531306120691,"AGIXUSDT":0.6487053272859694,"CFXUSDT":0.8444672089853703,"FXSUSDT":0.5033504271745126,"CKBUSDT":0.4964397940244389,"ASTRUSDT":0.4702218017757595,"PHBUSDT":0.6043200511676826,"JOEUSDT":0.5508139956122625,"SANDUSDT":0.4352757477264171,"GMTUSDT":0.45817761850727184,"MINAUSDT":0.5238596096251278,"STGUSDT":0.5619865092647378,"ALPHAUSDT":0.5541650333458193,"LDOUSDT":0.5571361183752817,"APTUSDT":0.5102697364686943,"DUSKUSDT":0.6106458920919565,"WOOUSDT":0.5640940052823744,"TUSDT":0.49102540720062027,"MAGICUSDT":0.6491491838001353,"SPELLUSDT":0.3905971942003477,"FETUSDT":0.5474030727024856,"INJUSDT":0.6150051305785721,"HOOKUSDT":0.5747171614037068,"JASMYUSDT":0.5265078639287954,"SSVUSDT":0.5934336215571778,"BNXUSDT":0.6393939644844402,"HIGHUSDT":0.698611151701889,"GMXUSDT":0.40886545397459023,"LQTYUSDT":0.5723157965095317,"TLMUSDT":0.4149083621073859,"XVSUSDT":0.5144491440162798,"BLURUSDT":0.5523946526730505,"NMRUSDT":0.34815305078593783,"COMBOUSDT":0.643458918662837,"MAVUSDT":0.8668932786548732,"KEYUSDT":0.7259376748686702,"ETHUSDT_230929":0.1928721893786291,"BTCUSDT_230929":0.15686654773930414,"OPUSDT":0.5708184193227734,"STXUSDT":0.7069845489300345,"COCOSUSDT":0.5516302707456436,"USDCUSDT":0.008283541723836774,"ACHUSDT":0.6089928486121705,"PERPUSDT":0.4738221551421036,"LEVERUSDT":0.4639876127153326,"AMBUSDT":0.6427411899906857,"RDNTUSDT":0.5429177524045321,"EDUUSDT":0.6871889506211527,"RADUSDT":0.4930321060077636,"SUIUSDT":0.5246816327553839,"UMAUSDT":0.3714055319623918,"1000PEPEUSDT":1.0154313536172108,"HFTUSDT":0.47631645099632547,"IDEXUSDT":0.5843088754473553,"RNDRUSDT":0.6629993484120977,"ARBUSDT":0.48379205382899193,"IDUSDT":0.6287119956955488,"TRUUSDT":0.5877651482468816,"1000FLOKIUSDT":0.5409556724616118}